state,year,lat,lon,gws_inst,rtzsm_inst,sfsm_inst
 AC, 2003,-8.98235294117647,-70.43529411764706,85.23003026176471,84.12735068278187,81.32228031476716
 AC, 2004,-8.98235294117647,-70.43529411764706,88.66798946018099,87.56364021583711,84.83016782386879
 AC, 2005,-8.98235294117647,-70.43529411764706,69.86200511794118,66.00785572421493,64.49804337107126
 AC, 2006,-8.98235294117647,-70.43529411764706,56.59462881582579,56.447454178170815,55.05759568376583
 AC, 2007,-8.98235294117647,-70.43529411764706,88.14630660562709,86.71385586794673,85.45297479977802
 AC, 2008,-8.98235294117647,-70.43529411764706,88.99871490350678,86.68542487895928,84.94096158608598
 AC, 2009,-8.98235294117647,-70.43529411764706,95.75275117816741,94.17128586708145,92.57141302488688
 AC, 2010,-8.98235294117647,-70.43529411764706,69.2601898293552,66.46561320256787,64.14015595493213
 AC, 2011,-8.98235294117647,-70.43529411764706,75.56266432714932,74.49888124570136,73.2208985719457
 AC, 2012,-8.98235294117647,-70.43529411764706,77.41109452463928,74.601254338697,73.0311610690455
 AC, 2013,-8.98235294117647,-70.43529411764706,86.79477795351809,84.27400312015837,81.44820432948643
 AC, 2014,-8.98235294117647,-70.43529411764706,89.124296077319,87.45054214857466,85.09038108970589
 AC, 2015,-8.98235294117647,-70.43529411764706,79.36998901052263,74.75921015435408,72.6119304035577
 AC, 2016,-8.98235294117647,-70.43529411764706,41.05519789786765,41.479780093910634,39.928550999162894
 AC, 2017,-8.98235294117647,-70.43529411764706,58.7220759423224,57.01515207499321,55.39029599084389
 AC, 2018,-8.98235294117647,-70.43529411764706,38.07709184512431,41.0863495423485,39.1172453465849
 AC, 2019,-8.98235294117647,-70.43529411764706,59.209854498985294,56.613952009882354,54.860698622115386
 AC, 2020,-8.98235294117647,-70.43529411764706,52.94097748894004,46.327065368261316,43.366191751542985
 AC, 2021,-8.98235294117647,-70.43529411764706,50.672887960479635,48.446283851820134,48.26273024207579
 AC, 2022,-8.98235294117647,-70.43529411764706,50.101473254726244,44.24203692838122,41.43284890910068
 AC, 2023,-8.98235294117647,-70.43529411764706,46.482057687360964,47.809028329465235,48.120475927328876
 AL, 2003,-9.526315789473685,-36.63815789473684,16.021832017872807,34.272378342708336,38.11241752480263
 AL, 2004,-9.526315789473685,-36.63815789473684,60.113390410172066,52.11821332515182,49.01713035931174
 AL, 2005,-9.526315789473685,-36.63815789473684,61.46100661169029,53.65276754614372,51.40229908821862
 AL, 2006,-9.526315789473685,-36.63815789473684,51.761132172823885,44.72587956857287,43.93856325389676
 AL, 2007,-9.526315789473685,-36.63815789473684,51.376393573733864,48.818928657199606,47.98522861864945
 AL, 2008,-9.526315789473685,-36.63815789473684,56.2122672138664,49.447686966568824,49.563581658213565
 AL, 2009,-9.526315789473685,-36.63815789473684,64.25388320860324,54.725118186589064,53.37531524767206
 AL, 2010,-9.526315789473685,-36.63815789473684,42.474428083097166,45.84937924180668,45.53088861404858
 AL, 2011,-9.526315789473685,-36.63815789473684,48.762077355313764,54.4160886666498,56.06728943825911
 AL, 2012,-9.526315789473685,-36.63815789473684,12.887840713113208,20.62729655102284,20.941183530412115
 AL, 2013,-9.526315789473685,-36.63815789473684,11.025072845420041,29.7995801523836,33.4388319593168
 AL, 2014,-9.526315789473685,-36.63815789473684,11.43646539645243,29.9473389244585,34.37143169236842
 AL, 2015,-9.526315789473685,-36.63815789473684,4.5934841123684205,15.651483662930163,15.894704178765183
 AL, 2016,-9.526315789473685,-36.63815789473684,2.9959225562398784,17.14446571000506,19.025860958491904
 AL, 2017,-9.526315789473685,-36.63815789473684,26.14235654297065,41.555449676290486,41.00637052307692
 AL, 2018,-9.526315789473685,-36.63815789473684,8.166062128286992,21.210290721350546,23.528770751395232
 AL, 2019,-9.526315789473685,-36.63815789473684,4.417269918603239,22.828666200597166,27.26297438911943
 AL, 2020,-9.526315789473685,-36.63815789473684,29.50943991706478,41.52080904936235,42.79294366537956
 AL, 2021,-9.526315789473685,-36.63815789473684,19.920547298512147,37.285101030207485,40.14290006385628
 AL, 2022,-9.526315789473685,-36.63815789473684,66.9381533409413,68.19371876892713,68.27467764561234
 AL, 2023,-9.526315789473685,-36.63815789473684,65.14115238696172,49.97465224461722,52.55615699641148
 AM, 2003,-4.305332261521972,-64.28885316184352,80.59258770348785,79.00432864216684,78.89373355536017
 AM, 2004,-4.305332261521972,-64.28885316184352,83.645265715307,81.67746861553178,82.07565938911699
 AM, 2005,-4.305332261521972,-64.28885316184352,51.08326483921881,52.49885607550911,50.527648697654385
 AM, 2006,-4.305332261521972,-64.28885316184352,61.260175382736726,61.1389153229517,59.798510051992025
 AM, 2007,-4.305332261521972,-64.28885316184352,75.75956161639466,72.73722806074744,73.83542058613824
 AM, 2008,-4.305332261521972,-64.28885316184352,68.5220815923788,68.65719611844855,67.1471455027929
 AM, 2009,-4.305332261521972,-64.28885316184352,68.55502407097688,66.66433873893426,65.43180298562525
 AM, 2010,-4.305332261521972,-64.28885316184352,43.3075155277391,44.37997052312227,42.2210088022508
 AM, 2011,-4.305332261521972,-64.28885316184352,44.11071261210117,45.471926722690355,44.169768011976046
 AM, 2012,-4.305332261521972,-64.28885316184352,56.68217774008352,57.09586109843394,54.61293992043196
 AM, 2013,-4.305332261521972,-64.28885316184352,69.27228576092845,68.7389815330156,66.32294251620579
 AM, 2014,-4.305332261521972,-64.28885316184352,56.57911343283845,55.83303408934001,53.027686141601535
 AM, 2015,-4.305332261521972,-64.28885316184352,50.0602866272473,49.407825671612976,45.960163432909454
 AM, 2016,-4.305332261521972,-64.28885316184352,28.68036814953737,30.234379260319894,28.6855379316744
 AM, 2017,-4.305332261521972,-64.28885316184352,42.85409276182249,44.698753979722355,42.02366557916409
 AM, 2018,-4.305332261521972,-64.28885316184352,45.16345912082954,45.01959522880271,42.5003960482941
 AM, 2019,-4.305332261521972,-64.28885316184352,53.55782046217176,53.547114130481695,50.15437169593423
 AM, 2020,-4.305332261521972,-64.28885316184352,41.23762645932167,40.693555633293556,37.59408348354986
 AM, 2021,-4.305332261521972,-64.28885316184352,46.94738075647394,47.791426589105036,45.25814258564082
 AM, 2022,-4.305332261521972,-64.28885316184352,41.038262432620165,40.44837705280072,37.65874145806641
 AM, 2023,-4.305332261521972,-64.28885316184352,43.246191193453186,44.539867550111076,42.57988358825392
 AP, 2003,0.5807291666666666,-51.6640625,67.94191628392578,69.16528419731121,68.2885969093685
 AP, 2004,0.5807291666666666,-51.6640625,76.29284048217147,70.5456608895553,69.99103800896434
 AP, 2005,0.5807291666666666,-51.6640625,62.01918283538462,64.67084310204326,65.10248291864583
 AP, 2006,0.5807291666666666,-51.6640625,73.8639983054287,72.77121418235177,70.85624423489583
 AP, 2007,0.5807291666666666,-51.6640625,71.93911696111242,69.51077042134435,70.68924362269262
 AP, 2008,0.5807291666666666,-51.6640625,73.68656749919872,68.62209402668269,65.22481043279247
 AP, 2009,0.5807291666666666,-51.6640625,50.00773068730168,51.0919568716887,48.99528531519031
 AP, 2010,0.5807291666666666,-51.6640625,56.295859092307694,54.0920440798157,51.95134768825321
 AP, 2011,0.5807291666666666,-51.6640625,50.986845046975155,49.969427470610974,44.30850612539463
 AP, 2012,0.5807291666666666,-51.6640625,16.689087125851024,18.798231854925316,18.800021550945363
 AP, 2013,0.5807291666666666,-51.6640625,28.666345638173077,29.105138226197916,29.8929178098778
 AP, 2014,0.5807291666666666,-51.6640625,32.27102804377604,29.346705483577725,26.142543024447114
 AP, 2015,0.5807291666666666,-51.6640625,16.886621092235576,17.038288125707133,17.41613479767027
 AP, 2016,0.5807291666666666,-51.6640625,8.527750411868992,12.266634844977965,12.940602346895032
 AP, 2017,0.5807291666666666,-51.6640625,30.555678689210737,34.778746897600165,30.614134043283254
 AP, 2018,0.5807291666666666,-51.6640625,38.82779095217374,41.35844654389544,39.98998938183962
 AP, 2019,0.5807291666666666,-51.6640625,45.06615914511218,44.70065511767228,40.41883793167869
 AP, 2020,0.5807291666666666,-51.6640625,35.60261841067508,36.722999916448316,36.227259553329326
 AP, 2021,0.5807291666666666,-51.6640625,63.83562100961539,63.36087902329727,59.17911569252804
 AP, 2022,0.5807291666666666,-51.6640625,63.714576717988784,62.307987569070505,57.96646621652644
 AP, 2023,0.5807291666666666,-51.6640625,59.252299266685604,58.75731900607954,51.57148407952178
 BA, 2003,-12.455774365821094,-41.72346461949266,9.836825323773365,23.083612746398256,25.65643095278399
 BA, 2004,-12.455774365821094,-41.72346461949266,55.04460776468394,49.0602906922109,48.04611191398788
 BA, 2005,-12.455774365821094,-41.72346461949266,62.993780095920194,59.994830136307385,60.13671558528782
 BA, 2006,-12.455774365821094,-41.72346461949266,60.4527125172815,54.936494954269286,54.20342184403101
 BA, 2007,-12.455774365821094,-41.72346461949266,41.4577272579477,34.96002316521274,35.693074044805144
 BA, 2008,-12.455774365821094,-41.72346461949266,42.14307845662319,46.0777102268345,46.40271416055741
 BA, 2009,-12.455774365821094,-41.72346461949266,56.90469398913424,58.33516816702733,58.43495076852469
 BA, 2010,-12.455774365821094,-41.72346461949266,31.888228963353445,40.108905594313185,40.50147960480204
 BA, 2011,-12.455774365821094,-41.72346461949266,33.93487212622522,39.19220851578181,39.998829916605985
 BA, 2012,-12.455774365821094,-41.72346461949266,10.815128716244553,17.70166653537824,17.89393198009245
 BA, 2013,-12.455774365821094,-41.72346461949266,10.015803846896633,27.734794898796856,28.31647449747253
 BA, 2014,-12.455774365821094,-41.72346461949266,18.18204740851186,27.814021841864538,30.084379968903665
 BA, 2015,-12.455774365821094,-41.72346461949266,5.513905459816678,18.626418630757165,19.820112065299888
 BA, 2016,-12.455774365821094,-41.72346461949266,11.973486336481205,23.305213696043186,24.49059475542133
 BA, 2017,-12.455774365821094,-41.72346461949266,2.4595164666889184,16.687182557010885,17.64234878494711
 BA, 2018,-12.455774365821094,-41.72346461949266,6.445229630619694,22.275220000907375,24.891094648606444
 BA, 2019,-12.455774365821094,-41.72346461949266,2.3955287696872754,16.555142660394626,18.858078689640546
 BA, 2020,-12.455774365821094,-41.72346461949266,25.537512748473606,46.398950610969756,48.37226339773519
 BA, 2021,-12.455774365821094,-41.72346461949266,9.286899237473811,25.370127039054125,26.27361319108632
 BA, 2022,-12.455774365821094,-41.72346461949266,44.30230038205428,44.80859759640957,44.58932031756162
 BA, 2023,-12.455774365821094,-41.72346461949266,59.05524070455759,46.12685883959643,48.22612952027552
 CE, 2003,-5.0793147208121825,-39.628807106598984,45.853156407144674,49.135235828777496,46.25401698353532
 CE, 2004,-5.0793147208121825,-39.628807106598984,54.90868539853573,46.45452535474814,42.87030859898282
 CE, 2005,-5.0793147208121825,-39.628807106598984,26.152019692219834,29.261173339850643,24.126165185379737
 CE, 2006,-5.0793147208121825,-39.628807106598984,35.407783701141156,40.98104300639594,39.90036803253612
 CE, 2007,-5.0793147208121825,-39.628807106598984,27.49675319751652,38.03031303108898,34.172328621791976
 CE, 2008,-5.0793147208121825,-39.628807106598984,63.07663776937719,64.476115770246,66.1571016954217
 CE, 2009,-5.0793147208121825,-39.628807106598984,91.00977494152674,85.63131639852597,85.89610732503904
 CE, 2010,-5.0793147208121825,-39.628807106598984,54.771906134019915,52.65319667898282,53.040729325492
 CE, 2011,-5.0793147208121825,-39.628807106598984,85.48944284703241,81.42156673356111,81.80034748416634
 CE, 2012,-5.0793147208121825,-39.628807106598984,31.92275442466239,32.19098219931232,26.04158279356671
 CE, 2013,-5.0793147208121825,-39.628807106598984,19.413234885747755,39.343487206631195,38.266280877601524
 CE, 2014,-5.0793147208121825,-39.628807106598984,19.350056300373875,37.78944191563062,35.21616558797442
 CE, 2015,-5.0793147208121825,-39.628807106598984,14.740362748800274,33.203845555203046,28.384414203247758
 CE, 2016,-5.0793147208121825,-39.628807106598984,16.051047102440453,33.05986721122022,27.231166337891448
 CE, 2017,-5.0793147208121825,-39.628807106598984,26.30780763512007,42.67090289761812,40.797863073411754
 CE, 2018,-5.0793147208121825,-39.628807106598984,34.05024265978738,51.03582441498899,50.459053374052296
 CE, 2019,-5.0793147208121825,-39.628807106598984,39.98633185064135,54.06703660439282,52.52796956192503
 CE, 2020,-5.0793147208121825,-39.628807106598984,51.972560024261035,60.178816436762986,58.860287651962125
 CE, 2021,-5.0793147208121825,-39.628807106598984,27.40007435559547,38.46964208098399,35.915291242856306
 CE, 2022,-5.0793147208121825,-39.628807106598984,53.44323887974619,63.224038596319794,64.9426604666146
 CE, 2023,-5.0793147208121825,-39.628807106598984,54.123759182994924,48.85245848987541,51.17879342950162
 DF, 2003,-15.732142857142858,-47.80357142857143,15.734651411339284,23.10603556386905,26.736610608035715
 DF, 2004,-15.732142857142858,-47.80357142857143,68.93398048681318,65.26427308076923,67.56155444835166
 DF, 2005,-15.732142857142858,-47.80357142857143,51.740229189560445,50.9843716195055,53.34973155357143
 DF, 2006,-15.732142857142858,-47.80357142857143,87.06513936813187,82.70494804807693,80.47669335054945
 DF, 2007,-15.732142857142858,-47.80357142857143,43.04350407439353,39.538466011590295,40.30449045334232
 DF, 2008,-15.732142857142858,-47.80357142857143,43.45798077417582,46.12395406258241,47.75773351126373
 DF, 2009,-15.732142857142858,-47.80357142857143,59.60982957142858,60.90439902390111,62.41463223076923
 DF, 2010,-15.732142857142858,-47.80357142857143,44.09185077170329,43.42965439697802,42.144650351923076
 DF, 2011,-15.732142857142858,-47.80357142857143,63.609937059065935,57.15375581730769,54.54805998543956
 DF, 2012,-15.732142857142858,-47.80357142857143,46.13736218733154,40.81578964824798,39.39582665795148
 DF, 2013,-15.732142857142858,-47.80357142857143,51.48287695604395,52.387120656318686,52.89118365596154
 DF, 2014,-15.732142857142858,-47.80357142857143,35.29519569010989,38.75584400879121,41.15992508667583
 DF, 2015,-15.732142857142858,-47.80357142857143,28.305101622527474,34.736786785961534,37.11209437090659
 DF, 2016,-15.732142857142858,-47.80357142857143,7.957379439945055,20.366221606126373,22.754757153021977
 DF, 2017,-15.732142857142858,-47.80357142857143,5.467022862417582,13.999559173598902,14.535886600054944
 DF, 2018,-15.732142857142858,-47.80357142857143,21.084168101509434,32.138300931590294,34.27068590018868
 DF, 2019,-15.732142857142858,-47.80357142857143,3.1678406681318685,10.852227267335165,13.10641091664835
 DF, 2020,-15.732142857142858,-47.80357142857143,35.316305295,45.558630589945054,48.82285324582417
 DF, 2021,-15.732142857142858,-47.80357142857143,7.89983776456044,22.700219123983516,28.5139036971978
 DF, 2022,-15.732142857142858,-47.80357142857143,22.677957748901097,30.92588889184066,33.42514946260989
 DF, 2023,-15.732142857142858,-47.80357142857143,47.01259381818182,43.88914521454545,43.4209574825974
 ES, 2003,-19.553571428571427,-40.67261904761905,29.880820302546294,36.07166527266204,37.568378578885586
 ES, 2004,-19.553571428571427,-40.67261904761905,75.6722255824481,73.05718678446276,70.92636578092186
 ES, 2005,-19.553571428571427,-40.67261904761905,90.52896578266179,84.42083295543347,81.5020688495116
 ES, 2006,-19.553571428571427,-40.67261904761905,74.76848933165445,66.03739785479243,64.23953686965811
 ES, 2007,-19.553571428571427,-40.67261904761905,51.601553343905366,43.595739120212635,43.17869648318359
 ES, 2008,-19.553571428571427,-40.67261904761905,45.55668971004273,49.57671362264958,51.960987529142244
 ES, 2009,-19.553571428571427,-40.67261904761905,78.6703295042735,67.77608404691698,65.44306996239315
 ES, 2010,-19.553571428571427,-40.67261904761905,41.25680193937729,40.58546291984127,42.74087757142857
 ES, 2011,-19.553571428571427,-40.67261904761905,37.12909420728633,40.003641758076924,40.51437653226801
 ES, 2012,-19.553571428571427,-40.67261904761905,39.89709364239294,37.472388038325846,40.39646141486673
 ES, 2013,-19.553571428571427,-40.67261904761905,40.531047610970695,44.33931792201465,43.842001703730155
 ES, 2014,-19.553571428571427,-40.67261904761905,27.912499330763122,30.917155086352256,33.94387189752137
 ES, 2015,-19.553571428571427,-40.67261904761905,1.761138500018315,7.963965518882784,12.090999911602564
 ES, 2016,-19.553571428571427,-40.67261904761905,4.050663599017094,12.336804198589743,16.234975816410255
 ES, 2017,-19.553571428571427,-40.67261904761905,4.5554974512057385,12.265167649087301,16.56445181257021
 ES, 2018,-19.553571428571427,-40.67261904761905,7.896103373983229,26.359824008733156,31.85104581344714
 ES, 2019,-19.553571428571427,-40.67261904761905,4.636554063473748,11.519166378846155,14.973676226126374
 ES, 2020,-19.553571428571427,-40.67261904761905,31.163078368769842,38.848239068836996,37.7469739793895
 ES, 2021,-19.553571428571427,-40.67261904761905,17.251918005250303,24.81394819976496,26.964465569456657
 ES, 2022,-19.553571428571427,-40.67261904761905,39.68723050639194,33.47836503948107,33.63307401266178
 ES, 2023,-19.553571428571427,-40.67261904761905,64.70081813708514,51.00556550974026,46.99502341686868
 GO, 2003,-16.051344086021505,-49.616397849462366,41.07605047893862,42.47761776777195,44.54775868517876
 GO, 2004,-16.051344086021505,-49.616397849462366,69.58328138779363,65.78160875488958,68.59242242469024
 GO, 2005,-16.051344086021505,-49.616397849462366,49.22042258313896,50.53006746261745,51.93506280092721
 GO, 2006,-16.051344086021505,-49.616397849462366,74.41174557179487,70.08915311474607,70.33659257381306
 GO, 2007,-16.051344086021505,-49.616397849462366,52.057519382578214,49.423478077736256,49.80159390432623
 GO, 2008,-16.051344086021505,-49.616397849462366,50.11472421250207,50.91289745697105,52.455280961673694
 GO, 2009,-16.051344086021505,-49.616397849462366,48.78939593197684,54.36470150424897,55.48812132195037
 GO, 2010,-16.051344086021505,-49.616397849462366,40.403037573603804,38.078446470977255,36.087778378024815
 GO, 2011,-16.051344086021505,-49.616397849462366,60.96447508244417,55.290536528559144,53.878090626778324
 GO, 2012,-16.051344086021505,-49.616397849462366,33.509327610289304,33.59681135864719,32.59074573888294
 GO, 2013,-16.051344086021505,-49.616397849462366,35.29554765412324,40.597381878809344,41.56145471084491
 GO, 2014,-16.051344086021505,-49.616397849462366,22.108758786833747,29.281005172891646,30.377687151555005
 GO, 2015,-16.051344086021505,-49.616397849462366,14.665847448104632,22.897224631294044,24.913300163633995
 GO, 2016,-16.051344086021505,-49.616397849462366,8.690878148600495,19.48445845896361,20.564362173577337
 GO, 2017,-16.051344086021505,-49.616397849462366,6.453605479933416,15.708493463916874,15.147311388985525
 GO, 2018,-16.051344086021505,-49.616397849462366,12.283186069588963,22.86777686539866,24.050551960782308
 GO, 2019,-16.051344086021505,-49.616397849462366,4.778034288829611,11.181596840674523,12.315061239514474
 GO, 2020,-16.051344086021505,-49.616397849462366,11.36869943976923,21.188615138619518,21.772094574819686
 GO, 2021,-16.051344086021505,-49.616397849462366,4.49522466820761,15.627667570709265,17.84918209819024
 GO, 2022,-16.051344086021505,-49.616397849462366,14.29801223055666,21.95259030000579,23.669378402668734
 GO, 2023,-16.051344086021505,-49.616397849462366,20.470005542550343,24.35516308746432,25.2337386241173
 MA, 2003,-5.114510489510489,-45.318473193473196,48.066542870169485,59.57680316399282,61.56033375835907
 MA, 2004,-5.114510489510489,-45.318473193473196,58.54540205184687,53.82040127394881,53.225027248933564
 MA, 2005,-5.114510489510489,-45.318473193473196,29.23792812438542,26.207133143900844,27.01904583844271
 MA, 2006,-5.114510489510489,-45.318473193473196,40.02826192754438,39.69839407844899,40.33708648827551
 MA, 2007,-5.114510489510489,-45.318473193473196,28.241193781418392,32.41529244035581,33.53738933486564
 MA, 2008,-5.114510489510489,-45.318473193473196,57.82726626208087,59.467838154704594,56.70780392394388
 MA, 2009,-5.114510489510489,-45.318473193473196,77.97542286499463,74.64181168548951,73.13794987574502
 MA, 2010,-5.114510489510489,-45.318473193473196,54.307689515362206,47.60666758246459,47.12371348120899
 MA, 2011,-5.114510489510489,-45.318473193473196,77.15965801389636,71.95922942969787,70.1938309214246
 MA, 2012,-5.114510489510489,-45.318473193473196,46.235272213150374,39.16846307224392,38.961589462907156
 MA, 2013,-5.114510489510489,-45.318473193473196,48.15821759971132,50.510516837186216,49.29954161010041
 MA, 2014,-5.114510489510489,-45.318473193473196,57.388079691137705,57.17090152178367,56.190991941668905
 MA, 2015,-5.114510489510489,-45.318473193473196,25.22865944887529,31.341843619960105,32.54898006601802
 MA, 2016,-5.114510489510489,-45.318473193473196,11.679170600018379,26.513957865927917,26.94945840071723
 MA, 2017,-5.114510489510489,-45.318473193473196,29.24689534174915,36.8924482727443,37.729243657999824
 MA, 2018,-5.114510489510489,-45.318473193473196,41.53427192499978,51.80316507947003,52.72288779082948
 MA, 2019,-5.114510489510489,-45.318473193473196,53.373076869883455,53.20748622794289,54.081205291544734
 MA, 2020,-5.114510489510489,-45.318473193473196,60.353972469699656,57.5704613887184,56.32581251365251
 MA, 2021,-5.114510489510489,-45.318473193473196,60.77431315473238,54.98074930423122,54.38981489782096
 MA, 2022,-5.114510489510489,-45.318473193473196,79.37077132609377,68.65356583383091,66.46228604056213
 MA, 2023,-5.114510489510489,-45.318473193473196,84.30316562576816,68.22054802080102,67.34930354657449
 MG, 2003,-18.470341614906832,-44.666304347826085,28.303412505273553,33.71202545830564,35.37090674799974
 MG, 2004,-18.470341614906832,-44.666304347826085,60.70383659908815,63.469887848469426,64.92430849839538
 MG, 2005,-18.470341614906832,-44.666304347826085,66.85982981495222,64.67001835946297,63.85431550539059
 MG, 2006,-18.470341614906832,-44.666304347826085,62.587238728282365,60.21752962054323,59.77673597555662
 MG, 2007,-18.470341614906832,-44.666304347826085,58.1863358835699,50.77382822379679,50.00720293137654
 MG, 2008,-18.470341614906832,-44.666304347826085,54.01122914403082,55.84605420764238,56.8355876630645
 MG, 2009,-18.470341614906832,-44.666304347826085,71.8079058126087,70.3956345217021,70.49449668346536
 MG, 2010,-18.470341614906832,-44.666304347826085,40.245911474405155,39.268834849942905,39.746518378216436
 MG, 2011,-18.470341614906832,-44.666304347826085,51.5865765338127,49.578586004973005,48.99267363507119
 MG, 2012,-18.470341614906832,-44.666304347826085,43.18991297553826,39.30610041318786,38.85480297158678
 MG, 2013,-18.470341614906832,-44.666304347826085,28.98797234482155,36.092057905410414,37.02199879211945
 MG, 2014,-18.470341614906832,-44.666304347826085,11.628007121410654,16.07830897276302,17.81849047442045
 MG, 2015,-18.470341614906832,-44.666304347826085,4.379814096818682,12.043892972501911,13.719428761194935
 MG, 2016,-18.470341614906832,-44.666304347826085,8.780575667625657,18.50220707325681,19.447482767750596
 MG, 2017,-18.470341614906832,-44.666304347826085,4.970089233027473,12.285909009720974,13.066708972787625
 MG, 2018,-18.470341614906832,-44.666304347826085,6.600446657039259,18.511567126027423,20.51550724286347
 MG, 2019,-18.470341614906832,-44.666304347826085,3.286584700522934,10.055684406224797,10.41508169374128
 MG, 2020,-18.470341614906832,-44.666304347826085,10.412963005133063,23.98379709408815,24.721514797058767
 MG, 2021,-18.470341614906832,-44.666304347826085,5.42072119272623,17.605270427030337,19.44862475592905
 MG, 2022,-18.470341614906832,-44.666304347826085,19.92017116597157,25.76547353488987,27.47325052872623
 MG, 2023,-18.470341614906832,-44.666304347826085,34.83261193036702,34.992241666277245,34.006383948966686
 MS, 2003,-20.34061135371179,-54.69650655021834,35.60247919208515,32.00110921349891,33.040785086127634
 MS, 2004,-20.34061135371179,-54.69650655021834,26.13538427561975,30.03080855861983,31.39331518556013
 MS, 2005,-20.34061135371179,-54.69650655021834,17.88435606702259,24.37899203288839,26.926450477781742
 MS, 2006,-20.34061135371179,-54.69650655021834,49.15887360286362,51.85643782669424,52.1289407441006
 MS, 2007,-20.34061135371179,-54.69650655021834,66.77786969642004,63.58248595929966,64.38780604312144
 MS, 2008,-20.34061135371179,-54.69650655021834,63.10920393030736,64.99659281371767,63.158310886975144
 MS, 2009,-20.34061135371179,-54.69650655021834,51.87776875059372,61.855039474944995,62.48283364267761
 MS, 2010,-20.34061135371179,-54.69650655021834,71.73394608830198,60.9078700540393,59.920002160891414
 MS, 2011,-20.34061135371179,-54.69650655021834,81.43445290896877,71.1557140978166,70.16833737837169
 MS, 2012,-20.34061135371179,-54.69650655021834,55.76067364432314,55.19661654602868,53.152489627452006
 MS, 2013,-20.34061135371179,-54.69650655021834,60.226263102456336,59.43237810850101,60.71597117855937
 MS, 2014,-20.34061135371179,-54.69650655021834,61.93069408076839,63.31586152359548,61.99339911958096
 MS, 2015,-20.34061135371179,-54.69650655021834,67.49831985798203,66.467774388902,67.12088154542829
 MS, 2016,-20.34061135371179,-54.69650655021834,78.82695919731273,71.73126443454359,70.28886642467879
 MS, 2017,-20.34061135371179,-54.69650655021834,70.3105003727788,66.59405263376303,66.86131467492987
 MS, 2018,-20.34061135371179,-54.69650655021834,79.83798106591415,72.45262261655228,70.75590082547706
 MS, 2019,-20.34061135371179,-54.69650655021834,59.1122538350823,50.09922193206416,49.42682926714603
 MS, 2020,-20.34061135371179,-54.69650655021834,28.96471497365972,27.4663440797636,28.114387845611773
 MS, 2021,-20.34061135371179,-54.69650655021834,24.441799868178954,27.91590551920222,28.505325607230432
 MS, 2022,-20.34061135371179,-54.69650655021834,20.16523070905106,28.912853041303748,31.1222960860199
 MS, 2023,-20.34061135371179,-54.69650655021834,39.540914417996234,51.41974027687078,51.978903986291186
 MT, 2003,-12.80926724137931,-55.835344827586205,47.50233619031968,47.7062277132694,47.40633046751742
 MT, 2004,-12.80926724137931,-55.835344827586205,64.88873673549901,58.88167898367606,58.455976615206396
 MT, 2005,-12.80926724137931,-55.835344827586205,29.87406033757659,33.144607036829406,34.419177259224305
 MT, 2006,-12.80926724137931,-55.835344827586205,60.996751187273375,57.38552208860925,56.616994960370526
 MT, 2007,-12.80926724137931,-55.835344827586205,59.69320800539622,58.22821968360198,57.7481492167352
 MT, 2008,-12.80926724137931,-55.835344827586205,63.80499745023408,62.57100896149751,61.91341322916561
 MT, 2009,-12.80926724137931,-55.835344827586205,69.01406214777852,68.34230005565269,67.38539845506283
 MT, 2010,-12.80926724137931,-55.835344827586205,44.435940831974634,45.11421894511887,43.556479923266245
 MT, 2011,-12.80926724137931,-55.835344827586205,54.961774716756295,55.01534896126359,52.62550816566147
 MT, 2012,-12.80926724137931,-55.835344827586205,56.02255320472837,54.792560095588485,53.13581272225585
 MT, 2013,-12.80926724137931,-55.835344827586205,62.398460302253646,62.20672193821187,61.619959595079244
 MT, 2014,-12.80926724137931,-55.835344827586205,65.41946576620822,61.299435511440656,60.42120797048641
 MT, 2015,-12.80926724137931,-55.835344827586205,56.71122328317192,49.68766478257228,49.712380240005466
 MT, 2016,-12.80926724137931,-55.835344827586205,23.589074387925397,32.034527164710546,32.46429797765782
 MT, 2017,-12.80926724137931,-55.835344827586205,37.9959216399927,40.948278153417604,41.64793054226591
 MT, 2018,-12.80926724137931,-55.835344827586205,43.72313553829196,46.91590021640956,46.400455578058555
 MT, 2019,-12.80926724137931,-55.835344827586205,39.594306791444794,36.7717508204685,35.3779900307112
 MT, 2020,-12.80926724137931,-55.835344827586205,19.919136016514422,21.556258352726125,21.12003042522198
 MT, 2021,-12.80926724137931,-55.835344827586205,15.401181666689821,26.372122583511935,27.777972601060178
 MT, 2022,-12.80926724137931,-55.835344827586205,26.24881957286091,31.735386627960544,30.73047170863561
 MT, 2023,-12.80926724137931,-55.835344827586205,32.52519261298824,37.094670745869514,36.87848129614851
 PA, 2003,-4.270192936559843,-52.97441137998692,67.22787296550115,69.19960515496975,68.88634264122643
 PA, 2004,-4.270192936559843,-52.97441137998692,74.64382640420209,71.00987285263056,71.88015097789366
 PA, 2005,-4.270192936559843,-52.97441137998692,37.28850129570131,39.313698790383235,38.565513442184816
 PA, 2006,-4.270192936559843,-52.97441137998692,59.26231529023294,58.00269996493448,58.47318859499912
 PA, 2007,-4.270192936559843,-52.97441137998692,60.66130956942051,61.43921933719721,63.050028214079006
 PA, 2008,-4.270192936559843,-52.97441137998692,61.10217621366253,61.114600794433514,61.622285143650075
 PA, 2009,-4.270192936559843,-52.97441137998692,65.1388042853021,62.86117531098304,62.932579556209944
 PA, 2010,-4.270192936559843,-52.97441137998692,45.13285902575074,46.68399834275494,46.270380367263925
 PA, 2011,-4.270192936559843,-52.97441137998692,53.061629494911585,53.32478181531758,50.881445092620744
 PA, 2012,-4.270192936559843,-52.97441137998692,41.20828950736898,42.1235504281775,40.164862246532444
 PA, 2013,-4.270192936559843,-52.97441137998692,53.98187538635961,54.52297353095462,53.55160441219689
 PA, 2014,-4.270192936559843,-52.97441137998692,49.187572841078634,48.634095773143585,45.8814112248541
 PA, 2015,-4.270192936559843,-52.97441137998692,28.347884451372693,27.82438917890841,26.076513545667858
 PA, 2016,-4.270192936559843,-52.97441137998692,13.036398001396714,18.01275122045681,18.577581710330406
 PA, 2017,-4.270192936559843,-52.97441137998692,32.02060632796763,35.53937683919606,33.0298617670403
 PA, 2018,-4.270192936559843,-52.97441137998692,34.3441671225771,38.082931961398614,36.83852685932586
 PA, 2019,-4.270192936559843,-52.97441137998692,43.51454440154236,44.86335591417933,42.435823294411
 PA, 2020,-4.270192936559843,-52.97441137998692,37.24995048886389,38.68360033402387,36.923122761442876
 PA, 2021,-4.270192936559843,-52.97441137998692,45.43168299920058,47.67075549902626,47.43670121438585
 PA, 2022,-4.270192936559843,-52.97441137998692,45.29267865314283,46.579728790284754,44.3026711821208
 PA, 2023,-4.270192936559843,-52.97441137998692,42.00125098287026,43.559502303399135,38.03380999920507
 PB, 2003,-7.135135135135135,-36.83783783783784,23.702919841283784,33.90036480480856,30.309602347660473
 PB, 2004,-7.135135135135135,-36.83783783783784,62.72009573382016,57.01447264389293,55.162264710491165
 PB, 2005,-7.135135135135135,-36.83783783783784,39.908320232775466,39.89650609056653,37.88705985321206
 PB, 2006,-7.135135135135135,-36.83783783783784,35.3915396406289,37.75317086522869,37.475556761598234
 PB, 2007,-7.135135135135135,-36.83783783783784,29.56791384145334,36.737658066047935,34.21219005428608
 PB, 2008,-7.135135135135135,-36.83783783783784,66.27467733737006,66.24615254851871,66.70731640704003
 PB, 2009,-7.135135135135135,-36.83783783783784,86.77124651793139,82.20945139475053,81.92500055758836
 PB, 2010,-7.135135135135135,-36.83783783783784,52.846286479080035,52.003065027372664,53.07383223527547
 PB, 2011,-7.135135135135135,-36.83783783783784,81.68856189916839,78.42428866704782,78.7434934050156
 PB, 2012,-7.135135135135135,-36.83783783783784,26.947102878516063,28.393668663403876,23.757512384722084
 PB, 2013,-7.135135135135135,-36.83783783783784,12.270262353620062,34.69135138949844,33.85161797403846
 PB, 2014,-7.135135135135135,-36.83783783783784,15.926927846260396,35.23616830179314,37.673746658474535
 PB, 2015,-7.135135135135135,-36.83783783783784,9.32588056337578,26.096344038505716,23.661491837193346
 PB, 2016,-7.135135135135135,-36.83783783783784,20.65327340883056,30.9796780474948,27.241734177785865
 PB, 2017,-7.135135135135135,-36.83783783783784,20.241134006936072,38.77067151860707,39.422780209386694
 PB, 2018,-7.135135135135135,-36.83783783783784,31.43192214891892,42.77014170636155,42.27738259548954
 PB, 2019,-7.135135135135135,-36.83783783783784,27.408207197637733,43.82413668991424,44.672249992780664
 PB, 2020,-7.135135135135135,-36.83783783783784,46.48276828387734,56.50200693243244,56.73891972351611
 PB, 2021,-7.135135135135135,-36.83783783783784,19.159474015405408,33.98912672722194,33.068936330636696
 PB, 2022,-7.135135135135135,-36.83783783783784,54.25256144135655,65.72480888820166,67.4665704185239
 PB, 2023,-7.135135135135135,-36.83783783783784,49.66562402100737,45.82857658206388,49.167156450491404
 PE, 2003,-8.31988188976378,-38.01279527559055,11.248160687997048,26.721730823948487,24.637500320674214
 PE, 2004,-8.31988188976378,-38.01279527559055,60.411028421809505,48.61226574073289,46.596944950729856
 PE, 2005,-8.31988188976378,-38.01279527559055,50.950670735661724,45.00837904059055,45.63243986319806
 PE, 2006,-8.31988188976378,-38.01279527559055,52.83334045595094,48.923179802159304,48.684930229215624
 PE, 2007,-8.31988188976378,-38.01279527559055,39.85799345978903,38.98084562118556,39.83990434000148
 PE, 2008,-8.31988188976378,-38.01279527559055,67.41223089626742,65.21786206798909,64.9082273598395
 PE, 2009,-8.31988188976378,-38.01279527559055,82.87417409933373,76.02778206390067,74.3246272655209
 PE, 2010,-8.31988188976378,-38.01279527559055,59.474144339915206,57.58523206892792,57.63321203678074
 PE, 2011,-8.31988188976378,-38.01279527559055,73.5185713011811,70.32694628546335,70.85723257755906
 PE, 2012,-8.31988188976378,-38.01279527559055,18.097233819139802,24.138074032662306,20.410699833318976
 PE, 2013,-8.31988188976378,-38.01279527559055,8.946314565092369,32.698078789043,33.00923021477741
 PE, 2014,-8.31988188976378,-38.01279527559055,12.85313910492883,35.4671797687129,37.54518041203664
 PE, 2015,-8.31988188976378,-38.01279527559055,4.879963437719564,22.90407382463507,21.32971392606905
 PE, 2016,-8.31988188976378,-38.01279527559055,14.533604814492731,28.373222684465475,26.84715881843428
 PE, 2017,-8.31988188976378,-38.01279527559055,13.923316811284069,36.79955917534222,37.042501524901574
 PE, 2018,-8.31988188976378,-38.01279527559055,18.536360239566186,37.100912180861684,37.81488854990789
 PE, 2019,-8.31988188976378,-38.01279527559055,7.2300890623273775,34.55500992352514,35.40938002080103
 PE, 2020,-8.31988188976378,-38.01279527559055,40.51632482516959,55.63069644153241,55.08081427196548
 PE, 2021,-8.31988188976378,-38.01279527559055,14.80509010137341,35.46937068904906,35.48810577191399
 PE, 2022,-8.31988188976378,-38.01279527559055,57.0223779922653,68.92717299550273,70.69304887666566
 PE, 2023,-8.31988188976378,-38.01279527559055,64.74313346954187,46.52415138181818,50.997836741395844
 PI, 2003,-7.394054878048781,-42.978658536585364,18.30850388160569,34.55381807145389,36.37989221306212
 PI, 2004,-7.394054878048781,-42.978658536585364,60.457257447183395,43.06853599446177,39.20687899436738
 PI, 2005,-7.394054878048781,-42.978658536585364,50.10016783503166,37.079763028462125,36.6504688755523
 PI, 2006,-7.394054878048781,-42.978658536585364,58.49511750043445,51.62022105170732,51.83607765838884
 PI, 2007,-7.394054878048781,-42.978658536585364,35.27278054486827,31.890209554190633,30.738593513664288
 PI, 2008,-7.394054878048781,-42.978658536585364,64.4718191886644,67.59530417988391,65.30614023007035
 PI, 2009,-7.394054878048781,-42.978658536585364,85.49990359556753,80.5896903761046,79.58207456053589
 PI, 2010,-7.394054878048781,-42.978658536585364,63.394209655898216,53.814171010543504,52.5255970127269
 PI, 2011,-7.394054878048781,-42.978658536585364,78.89728435213415,71.84620737837125,69.79650664249532
 PI, 2012,-7.394054878048781,-42.978658536585364,32.09260981890647,26.283487858627474,24.79981070817821
 PI, 2013,-7.394054878048781,-42.978658536585364,29.059021404964824,44.097486374873355,42.13352004476489
 PI, 2014,-7.394054878048781,-42.978658536585364,36.61812233450516,50.513439971865616,48.977235343471506
 PI, 2015,-7.394054878048781,-42.978658536585364,13.89712409069653,32.241125000004104,30.46326698529491
 PI, 2016,-7.394054878048781,-42.978658536585364,14.542206709370895,31.24887537198464,29.718951320318947
 PI, 2017,-7.394054878048781,-42.978658536585364,13.738630801729597,33.09925555684803,32.08599833104948
 PI, 2018,-7.394054878048781,-42.978658536585364,24.15719612220893,47.9326651343425,48.923315890201906
 PI, 2019,-7.394054878048781,-42.978658536585364,17.472401419253636,35.38002377952626,35.96209140022866
 PI, 2020,-7.394054878048781,-42.978658536585364,48.45354878780136,57.783627381662754,56.586817873916516
 PI, 2021,-7.394054878048781,-42.978658536585364,37.488534751612335,42.645522277197465,41.42832276784709
 PI, 2022,-7.394054878048781,-42.978658536585364,71.53742862586421,63.56896295208724,60.925208375513606
 PI, 2023,-7.394054878048781,-42.978658536585364,80.88024711696231,56.415731354564855,57.63355827636225
 PR, 2003,-24.633928571428573,-51.59196428571428,41.767603025521574,41.383567493284225,42.65848779778423
 PR, 2004,-24.633928571428573,-51.59196428571428,45.008723018907965,48.556931601927886,48.70049224281868
 PR, 2005,-24.633928571428573,-51.59196428571428,36.55483210376374,36.65319970629396,38.36140574074451
 PR, 2006,-24.633928571428573,-51.59196428571428,20.97712402777816,24.979910609179946,28.250547997025414
 PR, 2007,-24.633928571428573,-51.59196428571428,36.9273624543221,38.64311830010984,38.6167569955593
 PR, 2008,-24.633928571428573,-51.59196428571428,38.90928542883517,42.69947809113736,43.200516766576236
 PR, 2009,-24.633928571428573,-51.59196428571428,47.87828971478915,51.57881256790797,53.06680995343613
 PR, 2010,-24.633928571428573,-51.59196428571428,68.27213152858516,66.56298517388049,65.45958287929258
 PR, 2011,-24.633928571428573,-51.59196428571428,67.33261349604396,64.0271521323489,61.303410200563185
 PR, 2012,-24.633928571428573,-51.59196428571428,28.66147200743396,28.383122017468327,29.523544052986523
 PR, 2013,-24.633928571428573,-51.59196428571428,60.61658008893269,59.126169098710854,58.90604494047253
 PR, 2014,-24.633928571428573,-51.59196428571428,45.79198176463049,44.918978586295324,44.56405340308929
 PR, 2015,-24.633928571428573,-51.59196428571428,64.99963475048351,65.0649425944533,64.71392912290385
 PR, 2016,-24.633928571428573,-51.59196428571428,79.78182130343406,79.69795367330083,76.57181004363325
 PR, 2017,-24.633928571428573,-51.59196428571428,66.14361491097597,64.30690533207692,60.36060503965728
 PR, 2018,-24.633928571428573,-51.59196428571428,61.183457797915096,58.193876151224394,55.793068745299195
 PR, 2019,-24.633928571428573,-51.59196428571428,46.19927525030151,43.42475243488255,43.60177982901511
 PR, 2020,-24.633928571428573,-51.59196428571428,17.18340024134478,17.32429747662706,19.458629959117445
 PR, 2021,-24.633928571428573,-51.59196428571428,27.14008701289423,29.291985742990384,30.914296141970468
 PR, 2022,-24.633928571428573,-51.59196428571428,39.24423862006044,41.9847835440831,44.57183544996909
 PR, 2023,-24.633928571428573,-51.59196428571428,63.6366831035552,61.085268056012985,59.72789002775974
 RJ, 2003,-22.18548387096774,-42.641129032258064,39.95396504709005,44.75719566551748,44.57323645606519
 RJ, 2004,-22.18548387096774,-42.641129032258064,79.37031716842432,74.71380839692928,73.06336608883375
 RJ, 2005,-22.18548387096774,-42.641129032258064,91.86695100155086,86.35462635763028,82.03560583808934
 RJ, 2006,-22.18548387096774,-42.641129032258064,48.986837364578165,46.39450076522333,49.63736512915633
 RJ, 2007,-22.18548387096774,-42.641129032258064,24.787202690231286,30.16547359743153,32.68818412723981
 RJ, 2008,-22.18548387096774,-42.641129032258064,68.19166111563275,67.754673713933,68.55895172261167
 RJ, 2009,-22.18548387096774,-42.641129032258064,88.88439666904466,81.9682896426799,78.32870109925558
 RJ, 2010,-22.18548387096774,-42.641129032258064,49.91359196594293,47.70853552593052,47.29891034351737
 RJ, 2011,-22.18548387096774,-42.641129032258064,48.84041158210918,46.61631396981079,48.22651194864454
 RJ, 2012,-22.18548387096774,-42.641129032258064,54.50750530228241,47.67060422493305,49.14687896907486
 RJ, 2013,-22.18548387096774,-42.641129032258064,65.49317568593052,62.057721064044664,59.85445178830955
 RJ, 2014,-22.18548387096774,-42.641129032258064,16.963733125220223,24.505167196761786,27.206129151526053
 RJ, 2015,-22.18548387096774,-42.641129032258064,6.731717116243797,17.176554579795287,23.89601002060794
 RJ, 2016,-22.18548387096774,-42.641129032258064,19.11687668787531,24.837326080443546,25.85260202528226
 RJ, 2017,-22.18548387096774,-42.641129032258064,13.028416584683622,17.136102572692305,21.27623320967122
 RJ, 2018,-22.18548387096774,-42.641129032258064,14.90082355294583,30.38398035016129,34.59573778272976
 RJ, 2019,-22.18548387096774,-42.641129032258064,19.360250784761167,24.82059283030707,26.40457218340571
 RJ, 2020,-22.18548387096774,-42.641129032258064,54.80773057327853,53.9132298200093,53.44926542805832
 RJ, 2021,-22.18548387096774,-42.641129032258064,32.68307300545595,35.35086458364454,37.6000042324907
 RJ, 2022,-22.18548387096774,-42.641129032258064,43.71131822630893,39.909976424754966,41.397880078384
 RJ, 2023,-22.18548387096774,-42.641129032258064,73.65190426117302,63.69197830739736,60.48081008197948
 RN, 2003,-5.8464285714285715,-36.65,39.888514346845234,43.27157281095238,40.10251998186011
 RN, 2004,-5.8464285714285715,-36.65,67.81046304357143,61.38125784552197,60.034917050686815
 RN, 2005,-5.8464285714285715,-36.65,46.40943844436813,39.11378749598901,34.80882870424176
 RN, 2006,-5.8464285714285715,-36.65,37.33540394226374,41.74259410576923,39.4512826475522
 RN, 2007,-5.8464285714285715,-36.65,30.416985347008087,39.943276472776276,35.80897850792992
 RN, 2008,-5.8464285714285715,-36.65,63.46344717953297,65.18420360598627,65.58002007570055
 RN, 2009,-5.8464285714285715,-36.65,83.17679578269231,81.73287208662089,82.0178721815934
 RN, 2010,-5.8464285714285715,-36.65,53.91973238076923,48.42675193340659,49.26182063371978
 RN, 2011,-5.8464285714285715,-36.65,75.95971426923077,80.2892997195055,80.61381079107143
 RN, 2012,-5.8464285714285715,-36.65,40.44408520644205,34.43956181415903,29.92241981855256
 RN, 2013,-5.8464285714285715,-36.65,21.799053376164835,41.175726565609885,39.60484573585715
 RN, 2014,-5.8464285714285715,-36.65,17.55732432948901,37.365805213994506,39.06117598555495
 RN, 2015,-5.8464285714285715,-36.65,14.099353639230769,32.29309611704395,29.022614681195055
 RN, 2016,-5.8464285714285715,-36.65,22.218477534802197,37.45825261895055,33.416874941659344
 RN, 2017,-5.8464285714285715,-36.65,31.221741049664836,52.03496859357143,52.78884554745055
 RN, 2018,-5.8464285714285715,-36.65,34.99194475854447,49.87203164934232,50.44660687301078
 RN, 2019,-5.8464285714285715,-36.65,29.33474758304945,52.9690331646511,53.50123299917308
 RN, 2020,-5.8464285714285715,-36.65,45.11666286958791,59.1526058282967,59.911583085002746
 RN, 2021,-5.8464285714285715,-36.65,28.834475625285716,39.61506666864011,38.45083527321978
 RN, 2022,-5.8464285714285715,-36.65,49.937243697186815,66.70062205013735,68.66345684017583
 RN, 2023,-5.8464285714285715,-36.65,50.83967177792208,53.711611922922074,56.37783897424676
 RO, 2003,-10.913461538461538,-62.5242673992674,71.87938699439103,67.80461372676282,64.11210867118895
 RO, 2004,-10.913461538461538,-62.5242673992674,74.29461269857707,70.98154655396097,66.17640998503803
 RO, 2005,-10.913461538461538,-62.5242673992674,63.149681320407154,64.22462133043251,61.73009188751973
 RO, 2006,-10.913461538461538,-62.5242673992674,76.5363616154621,75.0986214021344,70.51775382048464
 RO, 2007,-10.913461538461538,-62.5242673992674,78.71293992684359,76.05299438919069,73.69298973217983
 RO, 2008,-10.913461538461538,-62.5242673992674,76.6780228284728,72.74627880613552,68.90175768143914
 RO, 2009,-10.913461538461538,-62.5242673992674,84.6050974925331,78.63605986318682,74.61308089199282
 RO, 2010,-10.913461538461538,-62.5242673992674,57.982879862368975,54.90533448116864,53.26290453987391
 RO, 2011,-10.913461538461538,-62.5242673992674,56.85442993499577,56.850026948872916,53.61778430572838
 RO, 2012,-10.913461538461538,-62.5242673992674,77.41050672479093,72.07576371504597,68.78110547836823
 RO, 2013,-10.913461538461538,-62.5242673992674,87.85136241131303,84.69099944735137,81.04026396262327
 RO, 2014,-10.913461538461538,-62.5242673992674,84.82198427581008,79.75914877264582,76.85744735495773
 RO, 2015,-10.913461538461538,-62.5242673992674,76.38101402236265,65.37932906344675,61.716540583433364
 RO, 2016,-10.913461538461538,-62.5242673992674,47.36380131398774,47.070115452130885,45.59405109586715
 RO, 2017,-10.913461538461538,-62.5242673992674,63.51213110891941,57.80576455692731,55.66574930286207
 RO, 2018,-10.913461538461538,-62.5242673992674,64.83620273006012,61.129031968789825,57.136735738467756
 RO, 2019,-10.913461538461538,-62.5242673992674,71.5677071088053,65.58467890221401,60.599880324966186
 RO, 2020,-10.913461538461538,-62.5242673992674,48.4285497173246,39.50739147472598,35.20495156284587
 RO, 2021,-10.913461538461538,-62.5242673992674,43.13408959932657,39.29886371335869,36.54050053579459
 RO, 2022,-10.913461538461538,-62.5242673992674,44.80317172932164,39.190723515567065,36.07897587042899
 RO, 2023,-10.913461538461538,-62.5242673992674,41.02894530756077,40.23811580784882,38.66920084891109
 RR, 2003,1.3920731707317073,-61.18963414634146,44.42228297611179,45.84422535402338,44.39962425914227
 RR, 2004,1.3920731707317073,-61.18963414634146,72.23019822040338,70.57153936707317,69.54183601724202
 RR, 2005,1.3920731707317073,-61.18963414634146,58.06971367763602,58.98787894670732,56.74627717208255
 RR, 2006,1.3920731707317073,-61.18963414634146,65.41185111294558,64.71454003424016,62.52324277666042
 RR, 2007,1.3920731707317073,-61.18963414634146,75.57307286010123,73.08028359245283,73.49456290867924
 RR, 2008,1.3920731707317073,-61.18963414634146,87.1864459434334,84.37542895037524,84.01811846191369
 RR, 2009,1.3920731707317073,-61.18963414634146,60.16605580817542,58.50717693639494,56.588518087303
 RR, 2010,1.3920731707317073,-61.18963414634146,57.377967393240155,59.229717724127575,57.495731925115386
 RR, 2011,1.3920731707317073,-61.18963414634146,75.3947120781895,75.13541245965854,73.12454045615385
 RR, 2012,1.3920731707317073,-61.18963414634146,69.42035811378739,70.04738382979843,66.45020865969627
 RR, 2013,1.3920731707317073,-61.18963414634146,64.42404862189306,62.517995430569414,60.50137742884522
 RR, 2014,1.3920731707317073,-61.18963414634146,49.40296115229832,48.02582829412758,47.47352660265666
 RR, 2015,1.3920731707317073,-61.18963414634146,26.55089905394559,24.8277997299409,24.025178418242962
 RR, 2016,1.3920731707317073,-61.18963414634146,31.350196772936208,33.398730978663224,32.88995503296998
 RR, 2017,1.3920731707317073,-61.18963414634146,74.1185352877955,74.26597778772982,71.84000129377205
 RR, 2018,1.3920731707317073,-61.18963414634146,67.30034235336402,66.9643593288486,65.55132922525542
 RR, 2019,1.3920731707317073,-61.18963414634146,62.908948019944646,63.011566790985924,60.5779346226895
 RR, 2020,1.3920731707317073,-61.18963414634146,62.29784464167918,61.44658509343339,58.778886792281426
 RR, 2021,1.3920731707317073,-61.18963414634146,79.22929022331145,80.62605419849156,77.5120363055441
 RR, 2022,1.3920731707317073,-61.18963414634146,69.14066638749532,69.51411161266417,68.06231474027298
 RR, 2023,1.3920731707317073,-61.18963414634146,73.27932084711752,69.0072916404368,67.47850197952994
 RS, 2003,-29.697,-53.197,72.39407267941223,72.47423552825555,71.13839628307223
 RS, 2004,-29.697,-53.197,39.681524112728205,40.49046339045641,40.195982083257434
 RS, 2005,-29.697,-53.197,37.74015024302256,39.1184479462482,41.478277654608206
 RS, 2006,-29.697,-53.197,22.439348147111797,26.127781045160514,29.11343131993077
 RS, 2007,-29.697,-53.197,58.15442143379623,58.329453488168056,57.14048248328654
 RS, 2008,-29.697,-53.197,49.642560967251285,48.775602828555385,49.82834788878923
 RS, 2009,-29.697,-53.197,50.65097221145795,50.35946125400359,52.26724731677487
 RS, 2010,-29.697,-53.197,67.97215705185026,65.02540774697128,64.26135310970206
 RS, 2011,-29.697,-53.197,48.275742259384614,48.49940595317949,49.71022560004769
 RS, 2012,-29.697,-53.197,13.064767914038239,15.596359428144403,19.852436338617863
 RS, 2013,-29.697,-53.197,48.14142434443282,47.92994378286205,49.36611882812821
 RS, 2014,-29.697,-53.197,67.16531717075897,65.63557630557949,63.329566894358464
 RS, 2015,-29.697,-53.197,72.94792468878205,69.34809297489949,67.65872377277282
 RS, 2016,-29.697,-53.197,74.39832808063076,70.22668767854256,67.15754356118718
 RS, 2017,-29.697,-53.197,72.31084106262153,68.30649129601078,63.56722420593025
 RS, 2018,-29.697,-53.197,52.74332170938113,51.39871580724478,51.78627293542843
 RS, 2019,-29.697,-53.197,63.50736778667435,60.74832322264923,58.85628086041744
 RS, 2020,-29.697,-53.197,21.078627941204104,20.475884305584103,22.640524017899487
 RS, 2021,-29.697,-53.197,31.50386165882154,31.223600413883076,31.51677003347231
 RS, 2022,-29.697,-53.197,36.283454911323076,38.5621389507041,42.058461684697434
 RS, 2023,-29.697,-53.197,17.844893687230304,19.394461656770908,21.083613161066665
 SC, 2003,-27.251838235294116,-50.419117647058826,33.42536439344362,35.47886761587163,35.7302354429136
 SC, 2004,-27.251838235294116,-50.419117647058826,43.23830685107466,49.322147807480206,47.01243939700226
 SC, 2005,-27.251838235294116,-50.419117647058826,36.091405900180995,36.65206193619061,38.666323710701356
 SC, 2006,-27.251838235294116,-50.419117647058826,25.099377744523473,27.428610299633768,28.39237418443439
 SC, 2007,-27.251838235294116,-50.419117647058826,45.65404700396782,49.35756066050361,49.06964289684656
 SC, 2008,-27.251838235294116,-50.419117647058826,63.838804833192874,61.15635594438631,63.52277401127545
 SC, 2009,-27.251838235294116,-50.419117647058826,67.3445884842336,63.17011016851951,66.09455666268241
 SC, 2010,-27.251838235294116,-50.419117647058826,66.41138437127404,64.51007522820136,67.82288471404412
 SC, 2011,-27.251838235294116,-50.419117647058826,67.60178135401583,65.89352020202206,67.3082146926612
 SC, 2012,-27.251838235294116,-50.419117647058826,28.171024514245286,31.058965794123196,31.448749247276638
 SC, 2013,-27.251838235294116,-50.419117647058826,57.138482344937785,57.801706957375565,59.42225247676329
 SC, 2014,-27.251838235294116,-50.419117647058826,52.077167429157235,53.0452093124293,52.78207640227093
 SC, 2015,-27.251838235294116,-50.419117647058826,77.15681944240669,71.65683966110578,75.8755196369542
 SC, 2016,-27.251838235294116,-50.419117647058826,72.80786493800056,70.69252347736143,70.96074261070419
 SC, 2017,-27.251838235294116,-50.419117647058826,59.059902595011316,58.98849229490667,59.37930052222851
 SC, 2018,-27.251838235294116,-50.419117647058826,63.301895086723086,61.52709201737237,63.56713850316316
 SC, 2019,-27.251838235294116,-50.419117647058826,59.19150688455883,60.615042463576074,61.123138567211534
 SC, 2020,-27.251838235294116,-50.419117647058826,29.74699065448529,31.982570152203053,31.70451990154553
 SC, 2021,-27.251838235294116,-50.419117647058826,55.51055629270079,54.991444339778,53.91994204848134
 SC, 2022,-27.251838235294116,-50.419117647058826,57.013229381998016,56.56358457605204,58.3370751387698
 SC, 2023,-27.251838235294116,-50.419117647058826,71.13816650584893,70.02393026818183,68.94163797165776
 SE, 2003,-10.587962962962964,-37.458333333333336,16.531562452623458,33.535973672391975,35.91712586792438
 SE, 2004,-10.587962962962964,-37.458333333333336,44.356851474786325,37.76126603233619,38.03803908981481
 SE, 2005,-10.587962962962964,-37.458333333333336,55.716355424857554,51.36957949143875,51.22148617474359
 SE, 2006,-10.587962962962964,-37.458333333333336,53.510503235042734,48.200762437827635,46.24128077667379
 SE, 2007,-10.587962962962964,-37.458333333333336,42.695523184486376,38.27006427613557,38.508237584095035
 SE, 2008,-10.587962962962964,-37.458333333333336,45.54567816488604,39.25206990653846,39.95177706903846
 SE, 2009,-10.587962962962964,-37.458333333333336,53.05849979344729,45.34781843226496,45.00974351273504
 SE, 2010,-10.587962962962964,-37.458333333333336,33.44384236253561,42.02706326296296,42.41853487468661
 SE, 2011,-10.587962962962964,-37.458333333333336,22.62409398326211,34.896942148034185,37.2268468464245
 SE, 2012,-10.587962962962964,-37.458333333333336,3.944225896484976,14.494826212809224,16.56717964067785
 SE, 2013,-10.587962962962964,-37.458333333333336,9.413980032037037,27.291958336830483,30.842549839202277
 SE, 2014,-10.587962962962964,-37.458333333333336,5.575908924850427,21.529972967022793,26.11247001215812
 SE, 2015,-10.587962962962964,-37.458333333333336,2.686856728418803,12.73841447727208,14.35659044462963
 SE, 2016,-10.587962962962964,-37.458333333333336,1.8655214877706552,11.585951534729345,13.845226060341881
 SE, 2017,-10.587962962962964,-37.458333333333336,2.289537964928775,15.136319196866097,17.72120775722222
 SE, 2018,-10.587962962962964,-37.458333333333336,1.5519826497833684,8.516395196624737,11.069803704206848
 SE, 2019,-10.587962962962964,-37.458333333333336,1.7823085006267807,12.810409885391739,18.29695034431624
 SE, 2020,-10.587962962962964,-37.458333333333336,13.97191278815527,25.656736729131055,28.155968735626782
 SE, 2021,-10.587962962962964,-37.458333333333336,5.542355218618233,19.391336654009972,23.32572440732194
 SE, 2022,-10.587962962962964,-37.458333333333336,43.00522777678063,42.798519681267805,42.9430626414886
 SE, 2023,-10.587962962962964,-37.458333333333336,60.31069341414142,39.702409146632995,43.2839806983165
 SP, 2003,-22.266812865497077,-48.74707602339181,41.49223937396442,40.74369615694201,42.18453894965521
 SP, 2004,-22.266812865497077,-48.74707602339181,42.06776059191858,48.791574326839296,50.97555189247132
 SP, 2005,-22.266812865497077,-48.74707602339181,45.81776333904071,48.58047370291835,49.58669591910368
 SP, 2006,-22.266812865497077,-48.74707602339181,35.91204834935672,42.01736630461426,45.544138089167234
 SP, 2007,-22.266812865497077,-48.74707602339181,43.044349501330686,43.920203792366216,44.52290072992717
 SP, 2008,-22.266812865497077,-48.74707602339181,51.94825862972335,55.04633770407895,54.38150074897492
 SP, 2009,-22.266812865497077,-48.74707602339181,55.000217050761925,59.11948610777834,59.93857174987179
 SP, 2010,-22.266812865497077,-48.74707602339181,65.41033621068938,56.482202440845704,54.08067615004499
 SP, 2011,-22.266812865497077,-48.74707602339181,69.16461879718848,61.03831654717892,60.6767740352283
 SP, 2012,-22.266812865497077,-48.74707602339181,41.952415975669204,41.406306390607966,41.54475434667881
 SP, 2013,-22.266812865497077,-48.74707602339181,53.757712295528,51.05099695395356,51.763421466282054
 SP, 2014,-22.266812865497077,-48.74707602339181,10.472320510880566,14.618803252628767,16.84818590346941
 SP, 2015,-22.266812865497077,-48.74707602339181,25.573390676436684,36.18158212996064,41.242844760324445
 SP, 2016,-22.266812865497077,-48.74707602339181,67.36612581669816,58.95427810031208,58.17282578513608
 SP, 2017,-22.266812865497077,-48.74707602339181,45.11316893307804,40.912857220655646,41.752913709287
 SP, 2018,-22.266812865497077,-48.74707602339181,23.971286920556107,26.714288004363347,29.240764185643826
 SP, 2019,-22.266812865497077,-48.74707602339181,24.038945506706593,24.12922031905702,26.237796272013046
 SP, 2020,-22.266812865497077,-48.74707602339181,10.259023271126294,13.100247389916216,15.772899647067025
 SP, 2021,-22.266812865497077,-48.74707602339181,9.59819587499494,14.04017563150866,15.846644422812078
 SP, 2022,-22.266812865497077,-48.74707602339181,12.606721831712775,19.17642688839069,24.236673688727507
 SP, 2023,-22.266812865497077,-48.74707602339181,32.73545549125066,39.80264949507443,39.89486796600611
 TO, 2003,-10.150885558583106,-48.361376021798364,15.84416739406165,31.144570361204018,37.08076368337421
 TO, 2004,-10.150885558583106,-48.361376021798364,54.38556054489887,54.72733085049203,54.90648137387288
 TO, 2005,-10.150885558583106,-48.361376021798364,45.0726130344781,44.036954349290504,45.21010264145986
 TO, 2006,-10.150885558583106,-48.361376021798364,47.77196540575508,48.34620849125655,51.132357049425174
 TO, 2007,-10.150885558583106,-48.361376021798364,19.38318211813737,28.389320841398387,30.511177564011103
 TO, 2008,-10.150885558583106,-48.361376021798364,31.075977682998847,45.69563928886921,45.955026774410506
 TO, 2009,-10.150885558583106,-48.361376021798364,63.62916612154161,64.20098007832269,65.71287208996175
 TO, 2010,-10.150885558583106,-48.361376021798364,28.232133071510166,30.28567614784322,29.100117984154267
 TO, 2011,-10.150885558583106,-48.361376021798364,56.926171814740094,56.310678477677634,53.388392650463736
 TO, 2012,-10.150885558583106,-48.361376021798364,36.24735630969821,32.58706209344455,32.03724858505733
 TO, 2013,-10.150885558583106,-48.361376021798364,29.559312816980718,38.11307669777667,38.10599692795535
 TO, 2014,-10.150885558583106,-48.361376021798364,34.937058058436385,40.12175776243869,43.97257395079019
 TO, 2015,-10.150885558583106,-48.361376021798364,12.616321446144413,21.565681994742192,24.86547648453888
 TO, 2016,-10.150885558583106,-48.361376021798364,2.555049991981241,17.517133033080068,17.966206359156885
 TO, 2017,-10.150885558583106,-48.361376021798364,5.079673775365228,15.970917008345213,16.530927471406414
 TO, 2018,-10.150885558583106,-48.361376021798364,6.974942822543828,22.019552996136447,24.628668880869878
 TO, 2019,-10.150885558583106,-48.361376021798364,7.236351987043073,15.344549807446029,18.040867912494235
 TO, 2020,-10.150885558583106,-48.361376021798364,9.372357033760741,19.929707088564765,20.68647932003406
 TO, 2021,-10.150885558583106,-48.361376021798364,10.294275722438169,25.285416525275625,26.80822657638336
 TO, 2022,-10.150885558583106,-48.361376021798364,31.76438200413173,32.52696578076137,33.7329079531702
 TO, 2023,-10.150885558583106,-48.361376021798364,25.759447913762695,20.907510727768145,22.891208981322766
